Time Stamp, Date, Time, Counter Value, Increment
2025-10-31 17:49:51.2650, 2025-10-31, 17:49:51, 0, 0
2025-10-31 18:34:47.8360, 2025-10-31, 18:34:47, 1, 1
2025-10-31 18:34:48.3680, 2025-10-31, 18:34:48, 2, 1
2025-10-31 18:42:50.2550, 2025-10-31, 18:42:50, 3, 1
2025-10-31 18:42:50.6230, 2025-10-31, 18:42:50, 4, 1
2025-10-31 19:02:24.1710, 2025-10-31, 19:02:24, 5, 1
2025-10-31 19:02:24.5870, 2025-10-31, 19:02:24, 6, 1
2025-10-31 19:02:25.0200, 2025-10-31, 19:02:25, 7, 1
2025-10-31 19:07:51.4110, 2025-10-31, 19:07:51, 8, 1
2025-10-31 19:07:51.8100, 2025-10-31, 19:07:51, 9, 1
2025-10-31 19:07:52.2100, 2025-10-31, 19:07:52, 10, 1
2025-10-31 19:07:52.7930, 2025-10-31, 19:07:52, 11, 1
2025-10-31 19:07:53.1590, 2025-10-31, 19:07:53, 12, 1
2025-10-31 19:07:53.5580, 2025-10-31, 19:07:53, 13, 1
2025-10-31 19:20:09.5440, 2025-10-31, 19:20:09, 14, 1
2025-10-31 19:27:19.9750, 2025-10-31, 19:27:19, 15, 1
2025-10-31 19:27:20.3710, 2025-10-31, 19:27:20, 16, 1
2025-10-31 19:35:49.3120, 2025-10-31, 19:35:49, 17, 1
2025-10-31 19:35:49.6750, 2025-10-31, 19:35:49, 18, 1
2025-10-31 19:36:56.3160, 2025-10-31, 19:36:56, 19, 1
2025-10-31 19:36:56.7150, 2025-10-31, 19:36:56, 20, 1
2025-10-31 19:36:57.0970, 2025-10-31, 19:36:57, 21, 1
2025-10-31 19:36:57.4800, 2025-10-31, 19:36:57, 22, 1
2025-10-31 19:36:57.8800, 2025-10-31, 19:36:57, 23, 1
2025-10-31 19:38:37.2420, 2025-10-31, 19:38:37, 24, 1
2025-10-31 19:38:37.5410, 2025-10-31, 19:38:37, 25, 1
2025-10-31 19:38:37.8570, 2025-10-31, 19:38:37, 26, 1
2025-10-31 19:38:38.1740, 2025-10-31, 19:38:38, 27, 1
2025-10-31 19:38:38.5060, 2025-10-31, 19:38:38, 28, 1
2025-10-31 19:38:38.8390, 2025-10-31, 19:38:38, 29, 1
2025-10-31 19:40:10.9720, 2025-10-31, 19:40:10, 30, 1
2025-10-31 19:40:11.3710, 2025-10-31, 19:40:11, 31, 1
2025-10-31 19:40:11.7380, 2025-10-31, 19:40:11, 32, 1
2025-10-31 19:40:12.1040, 2025-10-31, 19:40:12, 33, 1
2025-10-31 19:40:12.4530, 2025-10-31, 19:40:12, 34, 1
2025-10-31 19:54:54.7860, 2025-10-31, 19:54:54, 35, 1
2025-10-31 19:54:54.9660, 2025-10-31, 19:54:54, 36, 1
2025-10-31 20:07:38.4070, 2025-10-31, 20:07:38, 37, 1
2025-10-31 20:07:38.8070, 2025-10-31, 20:07:38, 38, 1
2025-10-31 20:08:24.5850, 2025-10-31, 20:08:24, 39, 1
2025-10-31 20:08:25.0020, 2025-10-31, 20:08:25, 40, 1
2025-10-31 20:12:43.5480, 2025-10-31, 20:12:43, 41, 1
2025-10-31 20:12:43.7150, 2025-10-31, 20:12:43, 42, 1
2025-10-31 20:12:43.8650, 2025-10-31, 20:12:43, 43, 1
2025-10-31 20:15:06.0670, 2025-10-31, 20:15:06, 44, 1
2025-10-31 20:15:06.4060, 2025-10-31, 20:15:06, 45, 1
